column,pandas_dtype,read_as,role,variable_label
ctuid2021,object,string,2021 census tract identifier,
a_hall1997,float64,float64,,
a_lastman1997,float64,float64,,
a_other1997,float64,float64,,
e_elig1997,float64,float64,,
pcthall1997,float64,float64,,
pctlastman1997,float64,float64,,
pctother1997,float64,float64,,
voted1997,float64,float64,,
citypop1997,float64,float64,,
cityelig1997,float64,float64,,
cityvoted1997,float64,float64,,
cityhall1997,float64,float64,,
citylastman1997,float64,float64,,
cityother1997,float64,float64,,
a_lastman2000,float64,float64,,
a_gomberg2000,float64,float64,,
a_anderson2000,float64,float64,,
a_other2000,float64,float64,,
e_elig2000,float64,float64,,
pctlastman2000,float64,float64,,
pctgomberg2000,float64,float64,,
pctanderson2000,float64,float64,,
pctother2000,float64,float64,,
voted2000,float64,float64,,
citypop2000,float64,float64,,
cityelig2000,float64,float64,,
citylastman2000,float64,float64,,
citygomberg2000,float64,float64,,
cityanderson2000,float64,float64,,
cityother2000,float64,float64,,
cityvoted2000,float64,float64,,
a_andrews2003,float64,float64,,
a_benner2003,float64,float64,,
a_brausewetter2003,float64,float64,,
a_campbell2003,float64,float64,,
a_castillo2003,float64,float64,,
a_clarke2003,float64,float64,,
a_cocon2003,float64,float64,,
a_csak2003,float64,float64,,
a_derome2003,float64,float64,,
a_dhir2003,float64,float64,,
a_glisic2003,float64,float64,,
a_gold2003,float64,float64,,
a_graham2003,float64,float64,,
a_hall2003,float64,float64,,
a_hartnett2003,float64,float64,,
a_hossain2003,float64,float64,,
a_howell2003,float64,float64,,
a_jahshan2003,float64,float64,,
a_jakobek2003,float64,float64,,
a_kerr2003,float64,float64,,
a_lewin2003,float64,float64,,
a_lichacz2003,float64,float64,,
a_makhoul2003,float64,float64,,
a_mbaegbu2003,float64,float64,,
a_mcauliffe2003,float64,float64,,
a_miller2003,float64,float64,,
a_naimji2003,float64,float64,,
a_narula2003,float64,float64,,
a_nunziata2003,float64,float64,,
a_o_beirne2003,float64,float64,,
a_peters2003,float64,float64,,
a_pletch2003,float64,float64,,
a_poremski2003,float64,float64,,
a_prashad2003,float64,float64,,
a_safi2003,float64,float64,,
a_shaw2003,float64,float64,,
a_shehab2003,float64,float64,,
a_silva2003,float64,float64,,
a_tory2003,float64,float64,,
a_van_wyk2003,float64,float64,,
a_wadhwa2003,float64,float64,,
a_weston2003,float64,float64,,
a_yagiz2003,float64,float64,,
a_yee2003,float64,float64,,
e_elig2003,float64,float64,,
pctandrews2003,float64,float64,,
pctbenner2003,float64,float64,,
pctbrausewetter2003,float64,float64,,
pctcampbell2003,float64,float64,,
pctcastillo2003,float64,float64,,
pctclarke2003,float64,float64,,
pctcocon2003,float64,float64,,
pctcsak2003,float64,float64,,
pctderome2003,float64,float64,,
pctdhir2003,float64,float64,,
pctglisic2003,float64,float64,,
pctgold2003,float64,float64,,
pctgraham2003,float64,float64,,
pcthall2003,float64,float64,,
pcthartnett2003,float64,float64,,
pcthossain2003,float64,float64,,
pcthowell2003,float64,float64,,
pctjahshan2003,float64,float64,,
pctjakobek2003,float64,float64,,
pctkerr2003,float64,float64,,
pctlewin2003,float64,float64,,
pctlichacz2003,float64,float64,,
pctmakhoul2003,float64,float64,,
pctmbaegbu2003,float64,float64,,
pctmcauliffe2003,float64,float64,,
pctmiller2003,float64,float64,,
pctnaimji2003,float64,float64,,
pctnarula2003,float64,float64,,
pctnunziata2003,float64,float64,,
pcto_beirne2003,float64,float64,,
pctpeters2003,float64,float64,,
pctpletch2003,float64,float64,,
pctporemski2003,float64,float64,,
pctprashad2003,float64,float64,,
pctsafi2003,float64,float64,,
pctshaw2003,float64,float64,,
pctshehab2003,float64,float64,,
pctsilva2003,float64,float64,,
pcttory2003,float64,float64,,
pctvan_wyk2003,float64,float64,,
pctwadhwa2003,float64,float64,,
pctweston2003,float64,float64,,
pctyagiz2003,float64,float64,,
pctyee2003,float64,float64,,
voted2003,float64,float64,,
citypop2003,float64,float64,,
cityelig2003,float64,float64,,
cityvoted2003,float64,float64,,
cityandrews2003,float64,float64,,
citybenner2003,float64,float64,,
citybrausewetter2003,float64,float64,,
citycampbell2003,float64,float64,,
citycastillo2003,float64,float64,,
cityclarke2003,float64,float64,,
citycocon2003,float64,float64,,
citycsak2003,float64,float64,,
cityderome2003,float64,float64,,
citydhir2003,float64,float64,,
cityglisic2003,float64,float64,,
citygold2003,float64,float64,,
citygraham2003,float64,float64,,
cityhall2003,float64,float64,,
cityhartnett2003,float64,float64,,
cityhossain2003,float64,float64,,
cityhowell2003,float64,float64,,
cityjahshan2003,float64,float64,,
cityjakobek2003,float64,float64,,
citykerr2003,float64,float64,,
citylewin2003,float64,float64,,
citylichacz2003,float64,float64,,
citymakhoul2003,float64,float64,,
citymbaegbu2003,float64,float64,,
citymcauliffe2003,float64,float64,,
citymiller2003,float64,float64,,
citynaimji2003,float64,float64,,
citynarula2003,float64,float64,,
citynunziata2003,float64,float64,,
cityo_beirne2003,float64,float64,,
citypeters2003,float64,float64,,
citypletch2003,float64,float64,,
cityporemski2003,float64,float64,,
cityprashad2003,float64,float64,,
citysafi2003,float64,float64,,
cityshaw2003,float64,float64,,
cityshehab2003,float64,float64,,
citysilva2003,float64,float64,,
citytory2003,float64,float64,,
cityvan_wyk2003,float64,float64,,
citywadhwa2003,float64,float64,,
cityweston2003,float64,float64,,
cityyagiz2003,float64,float64,,
cityyee2003,float64,float64,,
a_pop2006,float64,float64,,
a_alexander2006,float64,float64,,
a_brooks2006,float64,float64,,
a_bruce2006,float64,float64,,
a_campbell2006,float64,float64,,
a_castillo2006,float64,float64,,
a_clarke2006,float64,float64,,
a_coles2006,float64,float64,,
a_deb2006,float64,float64,,
a_derome2006,float64,float64,,
a_dicks2006,float64,float64,,
a_dumoulin2006,float64,float64,,
a_gold2006,float64,float64,,
a_goldhar2006,float64,float64,,
a_hossain2006,float64,float64,,
a_jackson2006,float64,float64,,
a_korolnek2006,float64,float64,,
a_ledrew2006,float64,float64,,
a_maxted2006,float64,float64,,
a_miller2006,float64,float64,,
a_muir2006,float64,float64,,
a_naimji2006,float64,float64,,
a_pitfield2006,float64,float64,,
a_porter2006,float64,float64,,
a_romano2006,float64,float64,,
a_rubinovich2006,float64,float64,,
a_schiebel2006,float64,float64,,
a_sheldon2006,float64,float64,,
a_shipley2006,float64,float64,,
a_sit2006,float64,float64,,
a_smith2006,float64,float64,,
a_state2006,float64,float64,,
a_styrsky2006,float64,float64,,
a_vallance2006,float64,float64,,
a_wadhwa2006,float64,float64,,
a_weingust2006,float64,float64,,
a_yagiz2006,float64,float64,,
a_yee2006,float64,float64,,
a_young2006,float64,float64,,
e_elig2006,float64,float64,,
pctpop2006,float64,float64,,
pctalexander2006,float64,float64,,
pctbrooks2006,float64,float64,,
pctbruce2006,float64,float64,,
pctcampbell2006,float64,float64,,
pctcastillo2006,float64,float64,,
pctclarke2006,float64,float64,,
pctcoles2006,float64,float64,,
pctdeb2006,float64,float64,,
pctderome2006,float64,float64,,
pctdicks2006,float64,float64,,
pctdumoulin2006,float64,float64,,
pctgold2006,float64,float64,,
pctgoldhar2006,float64,float64,,
pcthossain2006,float64,float64,,
pctjackson2006,float64,float64,,
pctkorolnek2006,float64,float64,,
pctledrew2006,float64,float64,,
pctmaxted2006,float64,float64,,
pctmiller2006,float64,float64,,
pctmuir2006,float64,float64,,
pctnaimji2006,float64,float64,,
pctpitfield2006,float64,float64,,
pctporter2006,float64,float64,,
pctromano2006,float64,float64,,
pctrubinovich2006,float64,float64,,
pctschiebel2006,float64,float64,,
pctsheldon2006,float64,float64,,
pctshipley2006,float64,float64,,
pctsit2006,float64,float64,,
pctsmith2006,float64,float64,,
pctstate2006,float64,float64,,
pctstyrsky2006,float64,float64,,
pctvallance2006,float64,float64,,
pctwadhwa2006,float64,float64,,
pctweingust2006,float64,float64,,
pctyagiz2006,float64,float64,,
pctyee2006,float64,float64,,
pctyoung2006,float64,float64,,
voted2006,float64,float64,,
citypop2006,float64,float64,,
citypop20062006,float64,float64,,
cityelig2006,float64,float64,,
cityvoted2006,float64,float64,,
cityalexander2006,float64,float64,,
citybrooks2006,float64,float64,,
citybruce2006,float64,float64,,
citycampbell2006,float64,float64,,
citycastillo2006,float64,float64,,
cityclarke2006,float64,float64,,
citycoles2006,float64,float64,,
citydeb2006,float64,float64,,
cityderome2006,float64,float64,,
citydicks2006,float64,float64,,
citydumoulin2006,float64,float64,,
citygold2006,float64,float64,,
citygoldhar2006,float64,float64,,
cityhossain2006,float64,float64,,
cityjackson2006,float64,float64,,
citykorolnek2006,float64,float64,,
cityledrew2006,float64,float64,,
citymaxted2006,float64,float64,,
citymiller2006,float64,float64,,
citymuir2006,float64,float64,,
citynaimji2006,float64,float64,,
citypitfield2006,float64,float64,,
cityporter2006,float64,float64,,
cityromano2006,float64,float64,,
cityrubinovich2006,float64,float64,,
cityschiebel2006,float64,float64,,
citysheldon2006,float64,float64,,
cityshipley2006,float64,float64,,
citysit2006,float64,float64,,
citysmith2006,float64,float64,,
citystate2006,float64,float64,,
citystyrsky2006,float64,float64,,
cityvallance2006,float64,float64,,
citywadhwa2006,float64,float64,,
cityweingust2006,float64,float64,,
cityyagiz2006,float64,float64,,
cityyee2006,float64,float64,,
cityyoung2006,float64,float64,,
a_achampong2010,float64,float64,,
a_alexander2010,float64,float64,,
a_andrews2010,float64,float64,,
a_babula2010,float64,float64,,
a_ball2010,float64,float64,,
a_brausewetter2010,float64,float64,,
a_campbell2010,float64,float64,,
a_castillo2010,float64,float64,,
a_clarke2010,float64,float64,,
a_cole2010,float64,float64,,
a_cottle2010,float64,float64,,
a_derome2010,float64,float64,,
a_devenyi2010,float64,float64,,
a_di2010,float64,float64,,
a_epstein2010,float64,float64,,
a_firth2010,float64,float64,,
a_flie2010,float64,float64,,
a_ford2010,float64,float64,,
a_ghazi2010,float64,float64,,
a_gomberg2010,float64,float64,,
a_goodhead2010,float64,float64,,
a_hossain2010,float64,float64,,
a_lee2010,float64,float64,,
a_letonja2010,float64,float64,,
a_macklin2010,float64,float64,,
a_magee2010,float64,float64,,
a_pampena2010,float64,float64,,
a_pantalone2010,float64,float64,,
a_rossi2010,float64,float64,,
a_sarma2010,float64,float64,,
a_smitherman2010,float64,float64,,
a_state2010,float64,float64,,
a_steinberger2010,float64,float64,,
a_syed2010,float64,float64,,
a_tang2010,float64,float64,,
a_taylor2010,float64,float64,,
a_thomson2010,float64,float64,,
a_vallance2010,float64,float64,,
a_wadhwa2010,float64,float64,,
a_walker2010,float64,float64,,
e_elig2010,float64,float64,,
pctachampong2010,float64,float64,,
pctalexander2010,float64,float64,,
pctandrews2010,float64,float64,,
pctbabula2010,float64,float64,,
pctball2010,float64,float64,,
pctbrausewetter2010,float64,float64,,
pctcampbell2010,float64,float64,,
pctcastillo2010,float64,float64,,
pctclarke2010,float64,float64,,
pctcole2010,float64,float64,,
pctcottle2010,float64,float64,,
pctderome2010,float64,float64,,
pctdevenyi2010,float64,float64,,
pctdi2010,float64,float64,,
pctepstein2010,float64,float64,,
pctfirth2010,float64,float64,,
pctflie2010,float64,float64,,
pctford2010,float64,float64,,
pctghazi2010,float64,float64,,
pctgomberg2010,float64,float64,,
pctgoodhead2010,float64,float64,,
pcthossain2010,float64,float64,,
pctlee2010,float64,float64,,
pctletonja2010,float64,float64,,
pctmacklin2010,float64,float64,,
pctmagee2010,float64,float64,,
pctpampena2010,float64,float64,,
pctpantalone2010,float64,float64,,
pctrossi2010,float64,float64,,
pctsarma2010,float64,float64,,
pctsmitherman2010,float64,float64,,
pctstate2010,float64,float64,,
pctsteinberger2010,float64,float64,,
pctsyed2010,float64,float64,,
pcttang2010,float64,float64,,
pcttaylor2010,float64,float64,,
pctthomson2010,float64,float64,,
pctvallance2010,float64,float64,,
pctwadhwa2010,float64,float64,,
pctwalker2010,float64,float64,,
voted2010,float64,float64,,
citypop2010,float64,float64,,
cityelig2010,float64,float64,,
cityvoted2010,float64,float64,,
cityachampong2010,float64,float64,,
cityalexander2010,float64,float64,,
cityandrews2010,float64,float64,,
citybabula2010,float64,float64,,
cityball2010,float64,float64,,
citybrausewetter2010,float64,float64,,
citycampbell2010,float64,float64,,
citycastillo2010,float64,float64,,
cityclarke2010,float64,float64,,
citycole2010,float64,float64,,
citycottle2010,float64,float64,,
cityderome2010,float64,float64,,
citydevenyi2010,float64,float64,,
citydi2010,float64,float64,,
cityepstein2010,float64,float64,,
cityfirth2010,float64,float64,,
cityflie2010,float64,float64,,
cityford2010,float64,float64,,
cityghazi2010,float64,float64,,
citygomberg2010,float64,float64,,
citygoodhead2010,float64,float64,,
cityhossain2010,float64,float64,,
citylee2010,float64,float64,,
cityletonja2010,float64,float64,,
citymacklin2010,float64,float64,,
citymagee2010,float64,float64,,
citypampena2010,float64,float64,,
citypantalone2010,float64,float64,,
cityrossi2010,float64,float64,,
citysarma2010,float64,float64,,
citysmitherman2010,float64,float64,,
citystate2010,float64,float64,,
citysteinberger2010,float64,float64,,
citysyed2010,float64,float64,,
citytang2010,float64,float64,,
citytaylor2010,float64,float64,,
citythomson2010,float64,float64,,
cityvallance2010,float64,float64,,
citywadhwa2010,float64,float64,,
citywalker2010,float64,float64,,
a_aly2014,float64,float64,,
a_andrews2014,float64,float64,,
a_ball2014,float64,float64,,
a_baskin2014,float64,float64,,
a_billard2014,float64,float64,,
a_bliguin2014,float64,float64,,
a_burgess2014,float64,float64,,
a_chan2014,float64,float64,,
a_chow2014,float64,float64,,
a_cidade2014,float64,float64,,
a_clarke2014,float64,float64,,
a_crack2014,float64,float64,,
a_dedopoulos2014,float64,float64,,
a_di2014,float64,float64,,
a_ford2014,float64,float64,,
a_gallay2014,float64,float64,,
a_gambin2014,float64,float64,,
a_glaister2014,float64,float64,,
a_goldkind2014,float64,float64,,
a_gordon2014,float64,float64,,
a_hossain2014,float64,float64,,
a_huang2014,float64,float64,,
a_huynh2014,float64,float64,,
a_johannes2014,float64,float64,,
a_kalevar2014,float64,float64,,
a_karsemeyer2014,float64,float64,,
a_kembhavimath2014,float64,float64,,
a_khomenko2014,float64,float64,,
a_lam2014,float64,float64,,
a_lee2014,float64,float64,,
a_maxted2014,float64,float64,,
a_mcbean2014,float64,float64,,
a_mckay2014,float64,float64,,
a_mernagh2014,float64,float64,,
a_narula2014,float64,float64,,
a_nicula2014,float64,float64,,
a_okhovat2014,float64,float64,,
a_ongwen2014,float64,float64,,
a_popescu2014,float64,float64,,
a_rachlis2014,float64,float64,,
a_renÉe2014,float64,float64,,
a_ritch2014,float64,float64,,
a_roberge2014,float64,float64,,
a_romanov2014,float64,float64,,
a_ruel2014,float64,float64,,
a_sajnani2014,float64,float64,,
a_saunders2014,float64,float64,,
a_schwauss2014,float64,float64,,
a_searchwell2014,float64,float64,,
a_shannon2014,float64,float64,,
a_sniedzins2014,float64,float64,,
a_steinberger2014,float64,float64,,
a_surendran2014,float64,float64,,
a_syed2014,float64,float64,,
a_tasevski2014,float64,float64,,
a_tiwari2014,float64,float64,,
a_tory2014,float64,float64,,
a_tramov2014,float64,float64,,
a_van2014,float64,float64,,
a_viau2014,float64,float64,,
a_wadhwa2014,float64,float64,,
a_walker2014,float64,float64,,
a_weenen2014,float64,float64,,
a_wong2014,float64,float64,,
a_young2014,float64,float64,,
e_elig2014,float64,float64,,
pctaly2014,float64,float64,,
pctandrews2014,float64,float64,,
pctball2014,float64,float64,,
pctbaskin2014,float64,float64,,
pctbillard2014,float64,float64,,
pctbliguin2014,float64,float64,,
pctburgess2014,float64,float64,,
pctchan2014,float64,float64,,
pctchow2014,float64,float64,,
pctcidade2014,float64,float64,,
pctclarke2014,float64,float64,,
pctcrack2014,float64,float64,,
pctdedopoulos2014,float64,float64,,
pctdi2014,float64,float64,,
pctford2014,float64,float64,,
pctgallay2014,float64,float64,,
pctgambin2014,float64,float64,,
pctglaister2014,float64,float64,,
pctgoldkind2014,float64,float64,,
pctgordon2014,float64,float64,,
pcthossain2014,float64,float64,,
pcthuang2014,float64,float64,,
pcthuynh2014,float64,float64,,
pctjohannes2014,float64,float64,,
pctkalevar2014,float64,float64,,
pctkarsemeyer2014,float64,float64,,
pctkembhavimath2014,float64,float64,,
pctkhomenko2014,float64,float64,,
pctlam2014,float64,float64,,
pctlee2014,float64,float64,,
pctmaxted2014,float64,float64,,
pctmcbean2014,float64,float64,,
pctmckay2014,float64,float64,,
pctmernagh2014,float64,float64,,
pctnarula2014,float64,float64,,
pctnicula2014,float64,float64,,
pctokhovat2014,float64,float64,,
pctongwen2014,float64,float64,,
pctpopescu2014,float64,float64,,
pctrachlis2014,float64,float64,,
pctrenÉe2014,float64,float64,,
pctritch2014,float64,float64,,
pctroberge2014,float64,float64,,
pctromanov2014,float64,float64,,
pctruel2014,float64,float64,,
pctsajnani2014,float64,float64,,
pctsaunders2014,float64,float64,,
pctschwauss2014,float64,float64,,
pctsearchwell2014,float64,float64,,
pctshannon2014,float64,float64,,
pctsniedzins2014,float64,float64,,
pctsteinberger2014,float64,float64,,
pctsurendran2014,float64,float64,,
pctsyed2014,float64,float64,,
pcttasevski2014,float64,float64,,
pcttiwari2014,float64,float64,,
pcttory2014,float64,float64,,
pcttramov2014,float64,float64,,
pctvan2014,float64,float64,,
pctviau2014,float64,float64,,
pctwadhwa2014,float64,float64,,
pctwalker2014,float64,float64,,
pctweenen2014,float64,float64,,
pctwong2014,float64,float64,,
pctyoung2014,float64,float64,,
voted2014,float64,float64,,
citypop2014,float64,float64,,
cityelig2014,float64,float64,,
cityvoted2014,float64,float64,,
cityaly2014,float64,float64,,
cityandrews2014,float64,float64,,
cityball2014,float64,float64,,
citybaskin2014,float64,float64,,
citybillard2014,float64,float64,,
citybliguin2014,float64,float64,,
cityburgess2014,float64,float64,,
citychan2014,float64,float64,,
citychow2014,float64,float64,,
citycidade2014,float64,float64,,
cityclarke2014,float64,float64,,
citycrack2014,float64,float64,,
citydedopoulos2014,float64,float64,,
citydi2014,float64,float64,,
cityford2014,float64,float64,,
citygallay2014,float64,float64,,
citygambin2014,float64,float64,,
cityglaister2014,float64,float64,,
citygoldkind2014,float64,float64,,
citygordon2014,float64,float64,,
cityhossain2014,float64,float64,,
cityhuang2014,float64,float64,,
cityhuynh2014,float64,float64,,
cityjohannes2014,float64,float64,,
citykalevar2014,float64,float64,,
citykarsemeyer2014,float64,float64,,
citykembhavimath2014,float64,float64,,
citykhomenko2014,float64,float64,,
citylam2014,float64,float64,,
citylee2014,float64,float64,,
citymaxted2014,float64,float64,,
citymcbean2014,float64,float64,,
citymckay2014,float64,float64,,
citymernagh2014,float64,float64,,
citynarula2014,float64,float64,,
citynicula2014,float64,float64,,
cityokhovat2014,float64,float64,,
cityongwen2014,float64,float64,,
citypopescu20142014,float64,float64,,
cityrachlis2014,float64,float64,,
cityrenÉe2014,float64,float64,,
cityritch2014,float64,float64,,
cityroberge2014,float64,float64,,
cityromanov2014,float64,float64,,
cityruel2014,float64,float64,,
citysajnani2014,float64,float64,,
citysaunders2014,float64,float64,,
cityschwauss2014,float64,float64,,
citysearchwell2014,float64,float64,,
cityshannon2014,float64,float64,,
citysniedzins2014,float64,float64,,
citysteinberger2014,float64,float64,,
citysurendran2014,float64,float64,,
citysyed2014,float64,float64,,
citytasevski2014,float64,float64,,
citytiwari2014,float64,float64,,
citytory2014,float64,float64,,
citytramov2014,float64,float64,,
cityvan2014,float64,float64,,
cityviau2014,float64,float64,,
citywadhwa2014,float64,float64,,
citywalker2014,float64,float64,,
cityweenen2014,float64,float64,,
citywong2014,float64,float64,,
cityyoung2014,float64,float64,,
a_basaric2018,float64,float64,,
a_brosky2018,float64,float64,,
a_buckingham2018,float64,float64,,
a_buffey2018,float64,float64,,
a_choy2018,float64,float64,,
a_christoff2018,float64,float64,,
a_clarke2018,float64,float64,,
a_climenhaga2018,float64,float64,,
a_gallay2018,float64,float64,,
a_gebresellassi2018,float64,float64,,
a_goldy2018,float64,float64,,
a_graff2018,float64,float64,,
a_haque2018,float64,float64,,
a_hossain2018,float64,float64,,
a_humphrey2018,float64,float64,,
a_kalevar2018,float64,float64,,
a_kardys2018,float64,float64,,
a_keesmaat2018,float64,float64,,
a_lam2018,float64,float64,,
a_langenfeld2018,float64,float64,,
a_mcmillan2018,float64,float64,,
a_nath2018,float64,float64,,
a_nicula2018,float64,float64,,
a_o_neill2018,float64,float64,,
a_osuji2018,float64,float64,,
a_pampena2018,float64,float64,,
a_rachlis2018,float64,float64,,
a_renée2018,float64,float64,,
a_ruel2018,float64,float64,,
a_sears2018,float64,float64,,
a_singh2018,float64,float64,,
a_tory2018,float64,float64,,
a_vardy2018,float64,float64,,
a_vintila2018,float64,float64,,
a_weenen2018,float64,float64,,
e_elig2018,float64,float64,,
pctbasaric2018,float64,float64,,
pctbrosky2018,float64,float64,,
pctbuckingham2018,float64,float64,,
pctbuffey2018,float64,float64,,
pctchoy2018,float64,float64,,
pctchristoff2018,float64,float64,,
pctclarke2018,float64,float64,,
pctclimenhaga2018,float64,float64,,
pctgallay2018,float64,float64,,
pctgebresellassi2018,float64,float64,,
pctgoldy2018,float64,float64,,
pctgraff2018,float64,float64,,
pcthaque2018,float64,float64,,
pcthossain2018,float64,float64,,
pcthumphrey2018,float64,float64,,
pctkalevar2018,float64,float64,,
pctkardys2018,float64,float64,,
pctkeesmaat2018,float64,float64,,
pctlam2018,float64,float64,,
pctlangenfeld2018,float64,float64,,
pctmcmillan2018,float64,float64,,
pctnath2018,float64,float64,,
pctnicula2018,float64,float64,,
pcto_neill2018,float64,float64,,
pctosuji2018,float64,float64,,
pctpampena2018,float64,float64,,
pctrachlis2018,float64,float64,,
pctrenée2018,float64,float64,,
pctruel2018,float64,float64,,
pctsears2018,float64,float64,,
pctsingh2018,float64,float64,,
pcttory2018,float64,float64,,
pctvardy2018,float64,float64,,
pctvintila2018,float64,float64,,
pctweenen2018,float64,float64,,
voted2018,float64,float64,,
citypop2018,float64,float64,,
cityelig2018,float64,float64,,
cityvoted2018,float64,float64,,
citybasaric2018,float64,float64,,
citybrosky2018,float64,float64,,
citybuckingham2018,float64,float64,,
citybuffey2018,float64,float64,,
citychoy2018,float64,float64,,
citychristoff2018,float64,float64,,
cityclarke2018,float64,float64,,
cityclimenhaga2018,float64,float64,,
citygallay2018,float64,float64,,
citygebresellassi2018,float64,float64,,
citygoldy2018,float64,float64,,
citygraff2018,float64,float64,,
cityhaque2018,float64,float64,,
cityhossain2018,float64,float64,,
cityhumphrey2018,float64,float64,,
citykalevar2018,float64,float64,,
citykardys2018,float64,float64,,
citykeesmaat2018,float64,float64,,
citylam2018,float64,float64,,
citylangenfeld2018,float64,float64,,
citymcmillan2018,float64,float64,,
citynath2018,float64,float64,,
citynicula2018,float64,float64,,
cityo_neill2018,float64,float64,,
cityosuji2018,float64,float64,,
citypampena2018,float64,float64,,
cityrachlis2018,float64,float64,,
cityrenée2018,float64,float64,,
cityruel2018,float64,float64,,
citysears2018,float64,float64,,
citysingh2018,float64,float64,,
citytory2018,float64,float64,,
cityvardy2018,float64,float64,,
cityvintila2018,float64,float64,,
cityweenen2018,float64,float64,,
voted2022,float64,float64,,
a_acton_blake2022,float64,float64,,
a_arrobas_avraham2022,float64,float64,,
a_atkinson_darren2022,float64,float64,,
a_brown_chloe_marie2022,float64,float64,,
a_buckingham_drew2022,float64,float64,,
a_caputolan_elvira2022,float64,float64,,
a_clarke_kevin2022,float64,float64,,
a_climenhaga_sarah2022,float64,float64,,
a_d_cruze_phillip2022,float64,float64,,
a_deville_cory2022,float64,float64,,
a_efimovskikh_alexey2022,float64,float64,,
a_gamk_isabella2022,float64,float64,,
a_gupta_arjun2022,float64,float64,,
a_handjis_peter2022,float64,float64,,
a_hatton_robert2022,float64,float64,,
a_hossain_monowar2022,float64,float64,,
a_hossain_soaad2022,float64,float64,,
a_jamal_khadijah2022,float64,float64,,
a_langenfeld_kris2022,float64,float64,,
a_letonja_john2022,float64,float64,,
a_luk_tony2022,float64,float64,,
a_malek_ferin2022,float64,float64,,
a_penalosa_gil2022,float64,float64,,
a_punwasi_stephen2022,float64,float64,,
a_renee_d_onne2022,float64,float64,,
a_schwartz_kyle2022,float64,float64,,
a_singh_knia2022,float64,float64,,
a_srivastava_sandeep2022,float64,float64,,
a_tory_john2022,float64,float64,,
a_tull_reginald2022,float64,float64,,
a_yan_jack2022,float64,float64,,
pctacton_blake2022,float64,float64,,
pctarrobas_avraham2022,float64,float64,,
pctatkinson_darren2022,float64,float64,,
pctbrown_chloe_marie2022,float64,float64,,
pctbuckingham_drew2022,float64,float64,,
pctcaputolan_elvira2022,float64,float64,,
pctclarke_kevin2022,float64,float64,,
pctclimenhaga_sarah2022,float64,float64,,
pctd_cruze_phillip2022,float64,float64,,
pctdeville_cory2022,float64,float64,,
pctefimovskikh_alexey2022,float64,float64,,
pctgamk_isabella2022,float64,float64,,
pctgupta_arjun2022,float64,float64,,
pcthandjis_peter2022,float64,float64,,
pcthatton_robert2022,float64,float64,,
pcthossain_monowar2022,float64,float64,,
pcthossain_soaad2022,float64,float64,,
pctjamal_khadijah2022,float64,float64,,
pctlangenfeld_kris2022,float64,float64,,
pctletonja_john2022,float64,float64,,
pctluk_tony2022,float64,float64,,
pctmalek_ferin2022,float64,float64,,
pctpenalosa_gil2022,float64,float64,,
pctpunwasi_stephen2022,float64,float64,,
pctrenee_d_onne2022,float64,float64,,
pctschwartz_kyle2022,float64,float64,,
pctsingh_knia2022,float64,float64,,
pctsrivastava_sandeep2022,float64,float64,,
pcttory_john2022,float64,float64,,
pcttull_reginald2022,float64,float64,,
pctyan_jack2022,float64,float64,,
cityacton_blake2022,float64,float64,,
cityarrobas_avraham2022,float64,float64,,
cityatkinson_darren2022,float64,float64,,
citybrown_chloe_marie2022,float64,float64,,
citybuckingham_drew2022,float64,float64,,
citycaputolan_elvira2022,float64,float64,,
cityclarke_kevin2022,float64,float64,,
cityclimenhaga_sarah2022,float64,float64,,
cityd_cruze_phillip2022,float64,float64,,
citydeville_cory2022,float64,float64,,
cityefimovskikh_alexey2022,float64,float64,,
citygamk_isabella2022,float64,float64,,
citygupta_arjun2022,float64,float64,,
cityhandjis_peter2022,float64,float64,,
cityhatton_robert2022,float64,float64,,
cityhossain_monowar2022,float64,float64,,
cityhossain_soaad2022,float64,float64,,
cityjamal_khadijah2022,float64,float64,,
citylangenfeld_kris2022,float64,float64,,
cityletonja_john2022,float64,float64,,
cityluk_tony2022,float64,float64,,
citymalek_ferin2022,float64,float64,,
citypenalosa_gil2022,float64,float64,,
citypunwasi_stephen2022,float64,float64,,
cityrenee_d_onne2022,float64,float64,,
cityschwartz_kyle2022,float64,float64,,
citysingh_knia2022,float64,float64,,
citysrivastava_sandeep2022,float64,float64,,
citytory_john2022,float64,float64,,
citytull_reginald2022,float64,float64,,
cityyan_jack2022,float64,float64,,
citytotal2022,float64,float64,,
voted2023,float64,float64,,
pctabdulsalam_bahira2023,float64,float64,,
pctacquaye_emmanuel2023,float64,float64,,
pctacton_blake2023,float64,float64,,
pctahmed_sharif2023,float64,float64,,
pctalam_asadul2023,float64,float64,,
pctallan_gru_jesse2023,float64,float64,,
pctaly_atef2023,float64,float64,,
pctapostolopoulos_dionysios2023,float64,float64,,
pctatkinson_darren2023,float64,float64,,
pctatkinson_jamie2023,float64,float64,,
pctbailao_ana2023,float64,float64,,
pctbaking_jose2023,float64,float64,,
pctbankas_ben2023,float64,float64,,
pctbeals_claudette2023,float64,float64,,
pctbenway_glen2023,float64,float64,,
pctbonilla_eliazar2023,float64,float64,,
pctbradford_brad2023,float64,float64,,
pctbrown_chloe2023,float64,float64,,
pctbuffey_brian2023,float64,float64,,
pctcaesar_chavannes_celina2023,float64,float64,,
pctcarrie_mason2023,float64,float64,,
pctchan_roland2023,float64,float64,,
pctcharlton_matti2023,float64,float64,,
pctchevalier_romero_danny2023,float64,float64,,
pctchow_olivia2023,float64,float64,,
pctchoy_logan2023,float64,float64,,
pctclarke_kevin2023,float64,float64,,
pctclimenhaga_sarah2023,float64,float64,,
pctcohen_gordon2023,float64,float64,,
pctcollins_paul2023,float64,float64,,
pctd_amico_frank2023,float64,float64,,
pctd_angelo_frank2023,float64,float64,,
pctdavis_rob2023,float64,float64,,
pctd_cruze_phillip2023,float64,float64,,
pctdeb_samson2023,float64,float64,,
pctdesai_habiba2023,float64,float64,,
pctdeville_cory2023,float64,float64,,
pctfenby_simryn2023,float64,float64,,
pctforrester_monica2023,float64,float64,,
pctfurey_anthony2023,float64,float64,,
pctfurnival_scott2023,float64,float64,,
pctgamk_isabella2023,float64,float64,,
pctgao_feng2023,float64,float64,,
pctgong_xiao_hua2023,float64,float64,,
pctgoraya_adil2023,float64,float64,,
pctgraff_brian2023,float64,float64,,
pctgrosman_ari2023,float64,float64,,
pctguglielmin_james2023,float64,float64,,
pctgulyas_david2023,float64,float64,,
pcthall_thomas2023,float64,float64,,
pcthandjis_peter2023,float64,float64,,
pcthe_heather2023,float64,float64,,
pctheaps_toby2023,float64,float64,,
pcthossain_monowar2023,float64,float64,,
pcthunter_mitzie2023,float64,float64,,
pctigodan_sheila2023,float64,float64,,
pctirmya_daniel2023,float64,float64,,
pctjaffery_syed2023,float64,float64,,
pctjensen_michael2023,float64,float64,,
pctjohnston_patricia2023,float64,float64,,
pctkhan_walayat2023,float64,float64,,
pctkorovitsyn_serge2023,float64,float64,,
pctlamoureux_michael2023,float64,float64,,
pctlangenfeld_kris2023,float64,float64,,
pctlee_rick2023,float64,float64,,
pctle_liever_mark2023,float64,float64,,
pctletonja_john2023,float64,float64,,
pctmac_leod_norman2023,float64,float64,,
pctmammoliti_giorgio2023,float64,float64,,
pctmann_steve2023,float64,float64,,
pctmarshall_cleveland2023,float64,float64,,
pctmatlow_josh2023,float64,float64,,
pctmohee_faizul2023,float64,float64,,
pctmurphy_bob2023,float64,float64,,
pctnicula_michael2023,float64,float64,,
pctnowwarah_jamil2023,float64,float64,,
pctperruzza_anthony2023,float64,float64,,
pctransome_john2023,float64,float64,,
pctrenee_d_onne2023,float64,float64,,
pctreodica_willie2023,float64,float64,,
pctrubino_walter2023,float64,float64,,
pctsaccoccia_chris2023,float64,float64,,
pctsanders_lyall2023,float64,float64,,
pctsaunders_mark2023,float64,float64,,
pctschipano_rocco2023,float64,float64,,
pctshusterman_robert2023,float64,float64,,
pctsingh_knia2023,float64,float64,,
pctsingh_partap_dua2023,float64,float64,,
pctsivaneswaran_raksheni2023,float64,float64,,
pctsniedzins_erwin2023,float64,float64,,
pctsrivastava_sandeep2023,float64,float64,,
pctstraus_meir2023,float64,float64,,
pcttang_weizhen2023,float64,float64,,
pcttoye_mitchell2023,float64,float64,,
pcttull_reginald2023,float64,float64,,
pcttunney_jeffery2023,float64,float64,,
pctvadivelu_kiri2023,float64,float64,,
pctweenen_jack2023,float64,float64,,
pctwei_yuanqian2023,float64,float64,,
pctwilliams_jody2023,float64,float64,,
pctwinter_john2023,float64,float64,,
pctyan_nathalie_xian_yi2023,float64,float64,,
cityabdulsalam_bahira2023,float64,float64,,
cityacquaye_emmanuel2023,float64,float64,,
cityacton_blake2023,float64,float64,,
cityahmed_sharif2023,float64,float64,,
cityalam_asadul2023,float64,float64,,
cityallan_gru_jesse2023,float64,float64,,
cityaly_atef2023,float64,float64,,
cityapostolopoulos_dionysios2023,float64,float64,,
cityatkinson_darren2023,float64,float64,,
cityatkinson_jamie2023,float64,float64,,
citybailao_ana2023,float64,float64,,
citybaking_jose2023,float64,float64,,
citybankas_ben2023,float64,float64,,
citybeals_claudette2023,float64,float64,,
citybenway_glen2023,float64,float64,,
citybonilla_eliazar2023,float64,float64,,
citybradford_brad2023,float64,float64,,
citybrown_chloe2023,float64,float64,,
citybuffey_brian2023,float64,float64,,
citycaesar_chavannes_celina2023,float64,float64,,
citycarrie_mason2023,float64,float64,,
citychan_roland2023,float64,float64,,
citycharlton_matti2023,float64,float64,,
citychevalier_romero_danny2023,float64,float64,,
citychow_olivia2023,float64,float64,,
citychoy_logan2023,float64,float64,,
cityclarke_kevin2023,float64,float64,,
cityclimenhaga_sarah2023,float64,float64,,
citycohen_gordon2023,float64,float64,,
citycollins_paul2023,float64,float64,,
cityd_amico_frank2023,float64,float64,,
cityd_angelo_frank2023,float64,float64,,
citydavis_rob2023,float64,float64,,
cityd_cruze_phillip2023,float64,float64,,
citydeb_samson2023,float64,float64,,
citydesai_habiba2023,float64,float64,,
citydeville_cory2023,float64,float64,,
cityfenby_simryn2023,float64,float64,,
cityforrester_monica2023,float64,float64,,
cityfurey_anthony2023,float64,float64,,
cityfurnival_scott2023,float64,float64,,
citygamk_isabella2023,float64,float64,,
citygao_feng2023,float64,float64,,
citygong_xiao_hua2023,float64,float64,,
citygoraya_adil2023,float64,float64,,
citygraff_brian2023,float64,float64,,
citygrosman_ari2023,float64,float64,,
cityguglielmin_james2023,float64,float64,,
citygulyas_david2023,float64,float64,,
cityhall_thomas2023,float64,float64,,
cityhandjis_peter2023,float64,float64,,
cityhe_heather2023,float64,float64,,
cityheaps_toby2023,float64,float64,,
cityhossain_monowar2023,float64,float64,,
cityhunter_mitzie2023,float64,float64,,
cityigodan_sheila2023,float64,float64,,
cityirmya_daniel2023,float64,float64,,
cityjaffery_syed2023,float64,float64,,
cityjensen_michael2023,float64,float64,,
cityjohnston_patricia2023,float64,float64,,
citykhan_walayat2023,float64,float64,,
citykorovitsyn_serge2023,float64,float64,,
citylamoureux_michael2023,float64,float64,,
citylangenfeld_kris2023,float64,float64,,
citylee_rick2023,float64,float64,,
cityle_liever_mark2023,float64,float64,,
cityletonja_john2023,float64,float64,,
citymac_leod_norman2023,float64,float64,,
citymammoliti_giorgio2023,float64,float64,,
citymann_steve2023,float64,float64,,
citymarshall_cleveland2023,float64,float64,,
citymatlow_josh2023,float64,float64,,
citymohee_faizul2023,float64,float64,,
citymurphy_bob2023,float64,float64,,
citynicula_michael2023,float64,float64,,
citynowwarah_jamil2023,float64,float64,,
cityperruzza_anthony2023,float64,float64,,
cityransome_john2023,float64,float64,,
cityrenee_d_onne2023,float64,float64,,
cityreodica_willie2023,float64,float64,,
cityrubino_walter2023,float64,float64,,
citysaccoccia_chris2023,float64,float64,,
citysanders_lyall2023,float64,float64,,
citysaunders_mark2023,float64,float64,,
cityschipano_rocco2023,float64,float64,,
cityshusterman_robert2023,float64,float64,,
citysingh_knia2023,float64,float64,,
citysingh_partap_dua2023,float64,float64,,
citysivaneswaran_raksheni2023,float64,float64,,
citysniedzins_erwin2023,float64,float64,,
citysrivastava_sandeep2023,float64,float64,,
citystraus_meir2023,float64,float64,,
citytang_weizhen2023,float64,float64,,
citytoye_mitchell2023,float64,float64,,
citytull_reginald2023,float64,float64,,
citytunney_jeffery2023,float64,float64,,
cityvadivelu_kiri2023,float64,float64,,
cityweenen_jack2023,float64,float64,,
citywei_yuanqian2023,float64,float64,,
citywilliams_jody2023,float64,float64,,
citywinter_john2023,float64,float64,,
cityyan_nathalie_xian_yi2023,float64,float64,,
citytotal2023,float64,float64,,
a_abdulsalam_bahira2023,float64,float64,,
a_acquaye_emmanuel2023,float64,float64,,
a_acton_blake2023,float64,float64,,
a_ahmed_sharif2023,float64,float64,,
a_alam_asadul2023,float64,float64,,
a_allan_gru_jesse2023,float64,float64,,
a_aly_atef2023,float64,float64,,
a_apostolopoulos_dionysios2023,float64,float64,,
a_atkinson_darren2023,float64,float64,,
a_atkinson_jamie2023,float64,float64,,
a_bailao_ana2023,float64,float64,,
a_baking_jose2023,float64,float64,,
a_bankas_ben2023,float64,float64,,
a_beals_claudette2023,float64,float64,,
a_benway_glen2023,float64,float64,,
a_bonilla_eliazar2023,float64,float64,,
a_bradford_brad2023,float64,float64,,
a_brown_chloe2023,float64,float64,,
a_buffey_brian2023,float64,float64,,
a_caesar_chavannes_celina2023,float64,float64,,
a_carrie_mason2023,float64,float64,,
a_chan_roland2023,float64,float64,,
a_charlton_matti2023,float64,float64,,
a_chevalier_romero_danny2023,float64,float64,,
a_chow_olivia2023,float64,float64,,
a_choy_logan2023,float64,float64,,
a_clarke_kevin2023,float64,float64,,
a_climenhaga_sarah2023,float64,float64,,
a_cohen_gordon2023,float64,float64,,
a_collins_paul2023,float64,float64,,
a_d_amico_frank2023,float64,float64,,
a_d_angelo_frank2023,float64,float64,,
a_davis_rob2023,float64,float64,,
a_d_cruze_phillip2023,float64,float64,,
a_deb_samson2023,float64,float64,,
a_desai_habiba2023,float64,float64,,
a_deville_cory2023,float64,float64,,
a_fenby_simryn2023,float64,float64,,
a_forrester_monica2023,float64,float64,,
a_furey_anthony2023,float64,float64,,
a_furnival_scott2023,float64,float64,,
a_gamk_isabella2023,float64,float64,,
a_gao_feng2023,float64,float64,,
a_gong_xiao_hua2023,float64,float64,,
a_goraya_adil2023,float64,float64,,
a_graff_brian2023,float64,float64,,
a_grosman_ari2023,float64,float64,,
a_guglielmin_james2023,float64,float64,,
a_gulyas_david2023,float64,float64,,
a_hall_thomas2023,float64,float64,,
a_handjis_peter2023,float64,float64,,
a_he_heather2023,float64,float64,,
a_heaps_toby2023,float64,float64,,
a_hossain_monowar2023,float64,float64,,
a_hunter_mitzie2023,float64,float64,,
a_igodan_sheila2023,float64,float64,,
a_irmya_daniel2023,float64,float64,,
a_jaffery_syed2023,float64,float64,,
a_jensen_michael2023,float64,float64,,
a_johnston_patricia2023,float64,float64,,
a_khan_walayat2023,float64,float64,,
a_korovitsyn_serge2023,float64,float64,,
a_lamoureux_michael2023,float64,float64,,
a_langenfeld_kris2023,float64,float64,,
a_lee_rick2023,float64,float64,,
a_le_liever_mark2023,float64,float64,,
a_letonja_john2023,float64,float64,,
a_mac_leod_norman2023,float64,float64,,
a_mammoliti_giorgio2023,float64,float64,,
a_mann_steve2023,float64,float64,,
a_marshall_cleveland2023,float64,float64,,
a_matlow_josh2023,float64,float64,,
a_mohee_faizul2023,float64,float64,,
a_murphy_bob2023,float64,float64,,
a_nicula_michael2023,float64,float64,,
a_nowwarah_jamil2023,float64,float64,,
a_perruzza_anthony2023,float64,float64,,
a_ransome_john2023,float64,float64,,
a_renee_d_onne2023,float64,float64,,
a_reodica_willie2023,float64,float64,,
a_rubino_walter2023,float64,float64,,
a_saccoccia_chris2023,float64,float64,,
a_sanders_lyall2023,float64,float64,,
a_saunders_mark2023,float64,float64,,
a_schipano_rocco2023,float64,float64,,
a_shusterman_robert2023,float64,float64,,
a_singh_knia2023,float64,float64,,
a_singh_partap_dua2023,float64,float64,,
a_sivaneswaran_raksheni2023,float64,float64,,
a_sniedzins_erwin2023,float64,float64,,
a_srivastava_sandeep2023,float64,float64,,
a_straus_meir2023,float64,float64,,
a_tang_weizhen2023,float64,float64,,
a_toye_mitchell2023,float64,float64,,
a_tull_reginald2023,float64,float64,,
a_tunney_jeffery2023,float64,float64,,
a_vadivelu_kiri2023,float64,float64,,
a_weenen_jack2023,float64,float64,,
a_wei_yuanqian2023,float64,float64,,
a_williams_jody2023,float64,float64,,
a_winter_john2023,float64,float64,,
a_yan_nathalie_xian_yi2023,float64,float64,,
